{
  "GD baseline": {
    "resilience_avg": 0.07730566666666654,
    "resilience_avg_std": 2.004552921537784,
    "resilience_gradient": 0.07878916666666641,
    "resilience_gradient_std": 1.3001371954557868,
    "counter_avg": -0.08043866666666673,
    "counter_avg_std": 1.9999939739226993,
    "counter_late": -0.09329666666666664,
    "counter_late_std": 2.2192654617926078,
    "counter_gradient": -0.03530916666666649,
    "counter_gradient_std": 1.0602303493027538,
    "counter_capture_rate": 0.023250000000000003,
    "counter_capture_rate_std": 0.06944017209080058,
    "counter_delta_gap": 2.2081815000000002,
    "counter_delta_gap_std": 0.7148792606744667,
    "team_synergy": -0.14660000000000054,
    "team_synergy_std": 2.0703713193531255,
    "incremental_synergy": -0.0681270833333341,
    "incremental_synergy_std": 2.116330305253214
  },
  "Enriched greedy": {
    "resilience_avg": 0.16098216666666595,
    "resilience_avg_std": 1.7484286054717735,
    "resilience_gradient": 0.42321791666666597,
    "resilience_gradient_std": 1.4469080805116223,
    "counter_avg": 0.08073733333333283,
    "counter_avg_std": 2.1305458774052357,
    "counter_late": 0.34021833333333307,
    "counter_late_std": 2.2746270270969706,
    "counter_gradient": 0.35508083333333346,
    "counter_gradient_std": 1.4548902139974051,
    "counter_capture_rate": 0.1475,
    "counter_capture_rate_std": 0.16083765106466832,
    "counter_delta_gap": 1.9884698750000007,
    "counter_delta_gap_std": 0.7237823472289115,
    "team_synergy": 1.6891049999999976,
    "team_synergy_std": 2.1622629289646986,
    "incremental_synergy": 1.344698958333331,
    "incremental_synergy_std": 2.236378968442894
  },
  "Augmented greedy": {
    "resilience_avg": 0.2594089999999994,
    "resilience_avg_std": 1.702785221230564,
    "resilience_gradient": 0.05444749999999841,
    "resilience_gradient_std": 1.6151078184105772,
    "counter_avg": -0.08790166666666707,
    "counter_avg_std": 2.0624234236471266,
    "counter_late": 0.2923666666666666,
    "counter_late_std": 2.275767761032039,
    "counter_gradient": 0.5919291666666674,
    "counter_gradient_std": 1.3270077156569946,
    "counter_capture_rate": 0.13574999999999998,
    "counter_capture_rate_std": 0.16691146605311452,
    "counter_delta_gap": 2.0843371666666677,
    "counter_delta_gap_std": 0.7768061563265533,
    "team_synergy": 1.806191666666665,
    "team_synergy_std": 1.7303148645509887,
    "incremental_synergy": 1.234613541666665,
    "incremental_synergy_std": 1.9709043068172678
  },
  "MCTS E (seed0)": {
    "resilience_avg": -0.002947666666666784,
    "resilience_avg_std": 1.9804917053867372,
    "resilience_gradient": -0.7208108333333334,
    "resilience_gradient_std": 1.1677211073850806,
    "counter_avg": -0.047273166666667,
    "counter_avg_std": 1.9897599841960207,
    "counter_late": -0.0529620833333331,
    "counter_late_std": 2.201892487863778,
    "counter_gradient": -0.050374583333332675,
    "counter_gradient_std": 1.1154252287368271,
    "counter_capture_rate": 0.05625,
    "counter_capture_rate_std": 0.09898705723477186,
    "counter_delta_gap": 2.2313929166666675,
    "counter_delta_gap_std": 0.796978653113915,
    "team_synergy": 0.5381499999999994,
    "team_synergy_std": 2.189884258927855,
    "incremental_synergy": 0.6214677083333328,
    "incremental_synergy_std": 2.1197257280180106
  },
  "MCTS E (seed3)": {
    "resilience_avg": 0.02643966666666719,
    "resilience_avg_std": 2.0010921111188535,
    "resilience_gradient": -0.13115916666666608,
    "resilience_gradient_std": 1.172179249991406,
    "counter_avg": -0.10996550000000015,
    "counter_avg_std": 1.945412306402989,
    "counter_late": -0.13167624999999997,
    "counter_late_std": 2.1527804181965835,
    "counter_gradient": -0.07540124999999989,
    "counter_gradient_std": 1.040011404520719,
    "counter_capture_rate": 0.03375,
    "counter_capture_rate_std": 0.09232246476345832,
    "counter_delta_gap": 2.247107333333334,
    "counter_delta_gap_std": 0.7689928044746079,
    "team_synergy": 0.3156499999999993,
    "team_synergy_std": 2.074868600056399,
    "incremental_synergy": 0.33917395833333247,
    "incremental_synergy_std": 1.924137688172494
  },
  "MCTS G (seed4)": {
    "resilience_avg": 0.08978716666666674,
    "resilience_avg_std": 2.0322579915526844,
    "resilience_gradient": -0.42670291666666654,
    "resilience_gradient_std": 0.9270685983314974,
    "counter_avg": -0.1873546666666666,
    "counter_avg_std": 1.895241326580397,
    "counter_late": -0.1476241666666669,
    "counter_late_std": 2.1211014715399044,
    "counter_gradient": 0.041388333333333055,
    "counter_gradient_std": 1.125984348477662,
    "counter_capture_rate": 0.0315,
    "counter_capture_rate_std": 0.08489846877299968,
    "counter_delta_gap": 2.311464125000001,
    "counter_delta_gap_std": 0.7872193669092133,
    "team_synergy": 0.21842999999999888,
    "team_synergy_std": 2.115769388449507,
    "incremental_synergy": 0.015081249999999012,
    "incremental_synergy_std": 2.128302600966409
  }
}