{
  "d0_stats_only": {
    "counter": 0.29953333333333254,
    "counter_late": 0.19848666666666595,
    "synergy": 0.8771239999999986,
    "resil_grad": -0.06303083333333351,
    "healer": 100.0,
    "degen": 98.4,
    "distinct": 52.0,
    "time": 21.628374576568604,
    "avg_nodes": 15.0
  },
  "d2_b3": {
    "counter": 0.33572246666666616,
    "counter_late": 0.24282116666666625,
    "synergy": 0.9408659999999986,
    "resil_grad": -0.024302166666667013,
    "healer": 100.0,
    "degen": 98.8,
    "distinct": 51.0,
    "time": 51.29980659484863,
    "avg_nodes": 44.808
  },
  "d4_b3": {
    "counter": 0.3893765999999994,
    "counter_late": 0.2975331666666663,
    "synergy": 0.9851339999999986,
    "resil_grad": 0.06680883333333326,
    "healer": 100.0,
    "degen": 99.2,
    "distinct": 54.0,
    "time": 266.88332748413086,
    "avg_nodes": 252.6
  },
  "d6_b3": {
    "counter": 0.3886709333333328,
    "counter_late": 0.2868256666666662,
    "synergy": 1.0106479999999987,
    "resil_grad": 0.20379683333333268,
    "healer": 100.0,
    "degen": 99.2,
    "distinct": 55.0,
    "time": 1199.7693240642548,
    "avg_nodes": 1064.582
  },
  "d8_b3": {
    "counter": 0.34421539999999945,
    "counter_late": 0.23286849999999965,
    "synergy": 1.0589999999999986,
    "resil_grad": 0.07200983333333333,
    "healer": 100.0,
    "degen": 98.8,
    "distinct": 51.0,
    "time": 3507.6346933841705,
    "avg_nodes": 2821.214
  },
  "d6_b3_t2.0": {
    "counter": 0.4177797333333327,
    "counter_late": 0.27576266666666616,
    "synergy": 1.119007999999999,
    "resil_grad": 0.008686833333333081,
    "healer": 100.0,
    "degen": 99.8,
    "distinct": 56.0,
    "time": 1207.0551855564117,
    "avg_nodes": 1070.28
  },
  "d6_b5": {
    "counter": 0.3636242666666662,
    "counter_late": 0.2700173333333328,
    "synergy": 1.2169979999999987,
    "resil_grad": 0.21437083333333307,
    "healer": 100.0,
    "degen": 96.39999999999999,
    "distinct": 57.0,
    "time": 8529.002988100052,
    "avg_nodes": 9786.772
  }
}