{
  "stats_only": {
    "counter": 0.4224274666666664,
    "counter_late": 0.01731199999999919,
    "synergy": 0.8593639999999992,
    "resil_grad": -0.020006166666666245,
    "healer": 68.4,
    "degen": 51.6,
    "distinct": 63.0,
    "time": 11.062743425369263
  },
  "stats+ca": {
    "counter": 0.4073476666666663,
    "counter_late": 0.18918416666666626,
    "synergy": 0.9848599999999991,
    "resil_grad": 0.6715288333333329,
    "healer": 63.2,
    "degen": 57.99999999999999,
    "distinct": 65.0,
    "time": 11.099472284317017
  },
  "search_b3_t1.0": {
    "counter": 0.5605985999999996,
    "counter_late": 0.3458231666666663,
    "synergy": 1.0511699999999988,
    "resil_grad": -0.022472166666666623,
    "healer": 70.6,
    "degen": 58.199999999999996,
    "distinct": 69.0,
    "time": 21.13437247276306
  },
  "search_b3_t1.0+ca": {
    "counter": 0.4606183333333328,
    "counter_late": 0.37071916666666627,
    "synergy": 1.0098039999999988,
    "resil_grad": 0.5935413333333328,
    "healer": 66.8,
    "degen": 57.4,
    "distinct": 73.0,
    "time": 21.03580069541931
  },
  "search_b5_t1.0": {
    "counter": 0.5338371333333329,
    "counter_late": 0.37795116666666617,
    "synergy": 0.977885999999999,
    "resil_grad": -0.007939999999999678,
    "healer": 74.6,
    "degen": 55.400000000000006,
    "distinct": 76.0,
    "time": 27.474273443222046
  },
  "search_b5_t0.5": {
    "counter": 0.43461919999999965,
    "counter_late": 0.2641129999999996,
    "synergy": 1.050603999999999,
    "resil_grad": -0.009452499999999937,
    "healer": 71.39999999999999,
    "degen": 56.39999999999999,
    "distinct": 66.0,
    "time": 27.362241506576538
  },
  "search_b5_t2.0": {
    "counter": 0.661908733333333,
    "counter_late": 0.4056784999999995,
    "synergy": 0.981879999999999,
    "resil_grad": 0.08073066666666688,
    "healer": 75.6,
    "degen": 53.800000000000004,
    "distinct": 74.0,
    "time": 27.676074504852295
  },
  "search_b10_t1.0": {
    "counter": 0.503090533333333,
    "counter_late": 0.4206663333333331,
    "synergy": 1.0325699999999993,
    "resil_grad": -0.06804250000000032,
    "healer": 73.6,
    "degen": 57.599999999999994,
    "distinct": 76.0,
    "time": 42.383288860321045
  },
  "search_b10_t1.0+ca": {
    "counter": 0.4076509999999996,
    "counter_late": 0.3782174999999995,
    "synergy": 0.9962019999999988,
    "resil_grad": 0.5102274999999995,
    "healer": 68.8,
    "degen": 56.00000000000001,
    "distinct": 75.0,
    "time": 43.05331897735596
  },
  "search_b5_t1.0_r3": {
    "counter": 0.5065560666666663,
    "counter_late": 0.3584951666666664,
    "synergy": 1.139361999999999,
    "resil_grad": 0.08203233333333283,
    "healer": 75.6,
    "degen": 57.8,
    "distinct": 73.0,
    "time": 58.23983669281006
  }
}