{
  "Enriched WP (256\u2192128)": {
    "avg_counter_r": 0.12114193154355157,
    "avg_synergy_r": 0.6530035186855085
  },
  "Augmented WP (512\u2192256\u2192128)": {
    "avg_counter_r": 0.08212069359719153,
    "avg_synergy_r": 0.5655027467223157
  }
}